Vendor_code,Country_of_Origin
 Barbourne Cider Oak,
 Kafedra Ciderodelija,
 Pekado,
 Val' de Rans,
1 Symbiotica,Russia
1000 IBU,
18th Street Brewery,USA
2nd Shift Brewing,USA
35K,USA
3Fonteine,Belgium
4 Brewers,Russia
8 Barrels,
Abbaye Notre-Dame de Saint-Rémy,Belgium
Aegir,Norway
AF Brew,Russia
AjViBiSi,
Alebrowar,Poland
Alefarm,Denmark
Aleksander,
Alesmith,USA
Alexander,Israel
Almogaver,Spain
Altajskaja,
Alvinne,Belgium
Amager,Denmark
Ame Wild Freaks,Russia
Americano,Russia
Amundsen,Norway
Anchor,USA
Andechs Weissbier ,USA
Andekser,
Anderson Valley,USA
Anker,Belgium
Aplend,
Apple Spas,Russia
Appleton,Russia
Araeta,Spain
Araeta Sagardotegia,
Ardenne,Belgium
Arpus,Latvia
Artizanal' Le Klo,
Aspall,United Kingdom
Aspall Suffolk,
Assam,
Assorted lemonade BICEP,
Augustiner,Germany
Aurora,
AViBiSi,
Axiom,Czech
Ayinger,Germany
B*Day*IPA/,Russia
Bag Walk Against the Stream,
Bakston,
Bakunin,Russia
Baladin,Italy
BAle,
BARCASTAGS,
Barkaiztegi,
BARKAIZTEGI GORENAK,
Basqueland,Spain
Beavertown,United Kingdom
Beerbliotek,Russia
Beijing Beer,
BELCIDER,
Bellot,France
Bembel,Germany
Bevog,Austria
BFS#1,
Bierbrouwerij De Koningshoeven,Netherlands
Big Village,Russia
BIIR,Belgium
Birra Del Borgo,Italy
Birra del' Borgo,
Birrificio Del Ducato,Italy
Bischofshof,Germany
Black Isle,United Kingdom
Blektorn,
Bokal,
Bold,Russia
Boon,Belgium
Bosteels,Belgium
Botanist,Russia
Bottle Share,Russia
Boulder Beer,USA
Brabant,Belgium
Brasserie d'Achouffe,Belgium
Brasserie des Franches-Montagnes,Switzerland
Brasserie dOrval,Belgium
Brasserie La Debauche,France
Brasserie Rochefort,Belgium
Brekeriet,Sweden
Brew By Numbers,United Kingdom
BrewDog,United Kingdom
Brewfist,Sweden
Brewlok,Russia
Brewski,Sweden
Brezaola,
Bri Kantil'on,
Bristol Brewing Company,USA
brjut d'Artizan biolozhik,
BRLO,Germany
Brooklyn Brewery,USA
Brouwerij Omer Vander Ghinste,Belgium
Brum Farm Sajder,
Brussels Beer Project,Belgium
BSD,Russia
Bullevie,Russia
Bullevie Grand Reserve,Russia
Bushe Le Verzhe,
Buxton,Sweden
CA Del Brado,Italy
Camin,Spain
Canediguerra,Italy
Cantillon,Belgium
Cascade,USA
Central Waters,USA
Cervesa Guineu,Spain
Chang,China
Chimay,Belgium
Christian Drouin,France
Cider Kerisac Breton,
Cidereri de Savoj iz jablok,
Cidre Bio Val De Rance,
Cidre Brut La Bolee Bretone,
Cidre Brut Val De Rance,
Cidre De Lalobbe Les Bulles Ardennaise,
CIdre De Noel,
Cigar City,
Clos des Ducs,France
Cloudy,
Clown Shoes Beer,USA
Club Mate,
Coffee,
Collective Arts,Canada
Connecticut Valley,USA
Cookie Monster,USA
Cool Brew,Russia
CoolHead Brew,Finland
Cornish,United Kingdom
Cornouaille,
CRAK,Italy
Cranberry & Raspberry,
Crooked Stave,USA
Dark Horse Brewing,USA
Darkside,Russia
de Blaugies,Belgium
De Cam,Belgium
De Dochter van de Korenaar,Belgium
De Dolle,Belgium
De Koninck,Belgium
De la Senne,Belgium
De Leite,Belgium
De Molen,Netherlands
De Noel,
De Ranke,Belgium
De Struise,Belgium
De Struise Pannepot,
De Troch,Belgium
Department of Cider Making,Russia
Des Rocs,Belgium
Deschutes,USA
DIETA,Russia
Dieu du Ciel,Canada
Dogfish Head,USA
Dogma,Croatia
Double A,Russia
Double Dutch,United Kingdom
Dried Turkey,
du Bocq Tete De Mort,
Duche de Longueville,France
Dudda's Tun,
Dugges,Sweden
Dupont,Belgium
Edelstoff,
EDGE,Spain
Elderflower,
Emelisse,Netherlands
Eprikot,
Eric Bordelet,France
Espiga,Spain
Evil Twin,USA
Exposition,
Fantome,Belgium
FFF Brew,Russia
Fieldwork,USA
Finback,USA
Firestone Walker,USA
Flensburger,
Flying Dog Brewery,USA
Flying Monkeys,Canada
Foco,
Founders,USA
Fournier,France
Fournier Cidre,
Fratelli,Russia
Freigeist,Germany
Frueh,Germany
Fruktstereo,Sweden
Fuller's,United Kingdom
Gaffel,Germany
Ginger Beer,???
Golubchik,Russia
Goose,Russia
Goose Island,USA
Gravity Project,Russia
Green Street,Russia
Gulden Drak,
GUSI,
Gwatkin Foxwhelp,
Haand,Norway
Hanssens,Belgium
Harpoon,USA
Harviestoun,United Kingdom
Hausman,
Hausmann,Russia
Hawkes,
Hazeljuteli Shoktabulous,
Heartly,Russia
Hecks,
Hecks Dabinet,
Henney's,United Kingdom
Het Anker,Belgium
Het Nest,Belgium
High Water,USA
Hitachino NEST,Japan
Hof ten Dormaal,Belgium
Hogan's,
Hogans Lonli Partridzh,
Holy Jack,Russia
Hopcity,Canada
Hoppin’ Frog Brewery,USA
Hornbeer,Denmark
HQ Kombucha,
Huisbrouwerij De Halve Maan,Belgium
Humpty Dumpty,Russia
Huyghe,Belgium
Imbirnyj,
In Peccatum,Spain
Jaanihanso,Estonia
Jacobins,Belgium
Jandrain-Jandrenouille,Belgium
Jaws,Russia
John Kepplers,Ireland
Jokikyla,
Jolly Pumpkin,
Jolter Press,
Jopen,Netherlands
Kaapse,Netherlands
Karpachcho,
Kasteel,
Kastil Ruzh,
Kees,Netherlands
Kepplers,
Kerisac,France
Kerisak,
Kerisak Poiret,
Kinsmen ,USA
Kokosovoe,
Kokosovye,
Kombucha,Russia
Kona,Russia
Konfetka,
Konix,Russia
Kout,
Koutsky,
Kriek,
Kuritsa,
Kurpfalz,
Kurpfalzbräu,
Kynspersky,
La Branche,
La Bransh,
La Manchurita,
La Sidra,
La Source,
Labietis,
Lalobb Le Bjul' Ardennez,
Lambic,
Lapochka,
Last Leaf,
Latgale,
Laugar,
Le Cidre De Fouesnant,
Le Clos,
Le Clos Fleuri Cidre,
Le Paulmier,France
Le Paulmier Poire,
Le Trou Du Diable,
Legacy,
Lervig,Norway
Lervig Rubinstep,
Les Bulles Ardennaises,France
Les Vergens du Cotentin,France
Lexington Kentucky,
LHG,
Lindemans,Belgium
Lindheim,
Local Beer,
Lomtiki,
Los' i Kedr,
Lost Abbey,USA
Lovecraft,
Lux In Tenebris x In Peccatum,
MacIvors,
Mad Scientist,
Magic Rock,
Mag'jar,
Maisels Weisse,Germany
Majodor,
Maldugans,Russia
Malej Matterhorn,
Maleur,
Malmo,
Mam'Goudig,France
Mango from Myanmar,
Maxl Helles,
Maxlrainer,
Mayador,
Mead Malmo,
Mein,
Mejdzhik Rok,
Melody,
Melody Brew,Russia
Mem Gudig,
Midnight Project,
Mikkeller,Denmark
MIRAGE,
Mobius Pint,Russia
Moersleutel,Netherlands
Mojoj,
Monk's,
Moor,
Moravskij,
Moriau,Belgium
Morkovnaja,
Mortimers Orchard,
Nómada,Spain
Nafciarz,
Naked,
Naparbier,Spain
Natural Trabanco,
Netherlands,Netherlands
Next Step,
Nogne,Netherlands
Nogne O,Norway
Nomada,Spain
Noname,
Norsk,
North Brewing,
North x Fieldworks,
Northern Monk,
Nuclear,
OAK,
Oakham,United Kingdom
Ochad,
Odna Tonna,
Oedipus,Netherlands
Oka River,Russia
Oldfields Worchestershire,
Oliver's Fine Cider,
Ollenaut,Estonia
Omnipollo,Sweden
On The Bones,Russia
Once Upon A Tree,
Oranjeboom,Netherlands
Original Cola,
Oscar,
Oskar Blues,USA
Ostrovica,Russia
Oud Beerse,Belgium
Oude,
OWA,
Palm,
Pannepot,
Pardubicky,
Pardubitskij,
Passiflora,
Passion,
"pasterizovannoe,",
Pate and Cheese,
Pearl River,
Pecado,
Perennial,
Petr Petrovich,
Petrov Den' WOSTOK,
Petrus,
Petrus Nitro,
PIJMA VSE BUTYLKI,
Pike Season,
Pikes Peak,
Pipeworks Brewing Company,USA
Pizza Port,
Plan B,
Plum sauce Aroy-D,
Pohjal,
Pohjala,Estonia
Poiret,
Poiret Dushe,
Poiret Le Klo,
Poiret Oliver's,
Pophin,
Poppels,Sweden
Prairie,
PRUNUS/,
Psycho,
Puhaste,Estonia
Qingdao,
Rance Cidre,
Red Button,Russia
RED ROKET,
Revontulet,
Rewort,
Rezhano,Russia
Ritterguts,
Ritterguts Gose,Germany
Rochefort,
Rocheste,
Rochester Mills Milkshake,
Rocky Mountain,
Rodenbach,Belgium
Rogue,
Rojal,
Rooie Dop,Netherlands
Root Beer,
Rose Le Klo,
Ross On Wye,
Roug,
Rozis D'ju,
Rubinstein,
Russian,
Ruwet,Belgium
Sabotage,Russia
Sahtipaja,Sweden
Saison,
Saldens,Russia
Samuel Adams,
Samuel Smith,
Sandwich,Russia
Santoor,
Sautter,
Savoie,France
Schlenkerla,Germany
Schneeeule,
Schneider Weisse,Germany
Selfmade Brew,Russia
Services,
Seven Island Brewery,
Sever Meadery,Russia
Shaurs,
Shchedrin,Russia
Shedrin,Russia
Shimeji Beer,Brazil
Sidra Valdedios,
Sierra Nevada,USA
Silver Branch,
Simbioz,
Siren,United Kingdom
Ska Brewing,
Snacks,Russia
Sobolev,Russia
Sori,Estonia
Sori Brewing,Estonia
Soter du d'Al'zas,
Soup Tom Yam Aroy-D 400g,
Spacebar,Russia
SpaceLift,
Spagetti Vestern,
Spontanist WOSTOK,
Springfield Brewing Company ,USA
St Feuillien,
St. Bernardus,Belgium
Stamm Beer,Russia
Steppe & Wind Meadery,Russia
Steppe and Wind,Russia
Stillwater Artisanal,USA
Stone,USA
Stoun,
Straffe,Belgium
Straffe Hendrik,
Street Water,
Struise,
SvitVoter,
Sweet,
SweetWater,USA
Symbiotic,
Tanker,Estonia
TATA Brew,USA
Tempest Brewing,Scotland
Templars,
Templar's Choice,
Ten Hands,
Thai glutinous,
Thatchers Cider,United Kingdom
Thatchers Old Rascal,
The Blaugies & Hill Farmstead,
The Bruery,
The Flying Inn,
The Garage Brewery,USA
The Good Cider,
The Great Blonde,
The Lost Abbey,USA
Think Pink,
Tilquin,
Time Bomb,Russia
Timmermans,Belgium
To Ol,Denmark
Toccalmatto,Italy
Toksovskaya Cidererija,
Toksovskaya Sideria,Russia
Trabanco,Spain
Trappisten van Westmalle,Belgium
Tre,
T-shirt Nelson,
Tsingtao,
Turners,
Two Roads,
Tynt Meadow,
Uiltje,Netherlands
Upland Brewery,USA
Val de Rance,France
Val' de Rans,
Valanse,
Van Honsebrouck Kasteel,Belgium
Van Steenberge Brouwerij N.V.,Belgium
Velimir,Russia
Velka Morava,Russia
Verhaeghe,Belgium
Verzet,
Vibrant Forest,
Victory Art Brew,Russia
Vihtenaar,
Vittekerke,
Volkovskaya,Russia
Vormann-Brauerei,
WarPigs Brewpub Olympic Team Alyaska Bar,Denmark
Weihenstephaner,Germany
Weird Beard,
Welde Braumanufaktur,Germany
Westbrook,
Westvleteren Abdij St. Sixtus,Belgium
Wheat It Up,
White Hag,Ireland
White Pony,
Wicked Weed & Trois Dame Metatropics,
Wild Lab,Russia
WildBeer,United Kingdom
Wilderen,
WildLab,Russia
Williams Cellars,
Wittekerke Wild,
Wostok ,
Wrong Way,
XP Brew,Russia
Yablodar,Russia
Zagovor,Russia
Zagvor,
Zavod,Russia
zhemchuzhnyj,
Zhigulikkeller Midnight Project,
